"Gen","Type","C1","C2","C3","T1","T2","T3"
"Gen-1","Target",22.3212241618894,20.4292692865711,21.639038031688,19.363165639108,31.915043387562,26.4661550973542
"Gen-2","Target",28.3513844285626,33.3538735986222,23.0242782300338,28.3051061853766,23.7525737024844,25.6033544819802
"Gen-3","Target",18.7158126197755,19.9903653790243,25.3945121783763,31.804817473283,33.8152035386302,34.4130201044027
"Gen-4","Target",24.3534514512867,25.2477784960065,18.3239521749783,32.5668838236015,31.7032667982858,31.9955377497245
"Gen-5","Target",18.4287494036835,28.8491364037618,20.1620169882663,23.7260221759789,32.1618925698567,22.0687756317202
"Gen-6","Target",19.176678042626,31.6809578430839,25.3313666284084,28.7448496380821,29.4118613854516,34.01327630179
"Gen-7","Target",28.7792279846035,28.6270177629776,27.4957308417652,23.1302626258694,34.0685868067667,29.5161482975818
"Gen-8","Target",31.0535228285007,32.1122965030372,20.1150962549727,34.3594078510068,28.4174184647854,34.1526694272179
"Gen-9","Target",33.4572300396394,27.2581254907418,24.6685663810931,32.1625047090929,24.5609189015813,24.8797663077712
"Gen-10","Target",32.3345005719457,24.72100957972,19.0869388992433,33.2083728234284,30.5240517742932,29.9486762857996
"Gen-11","Target",25.06788178836,28.2568600634113,27.666880082339,19.2884299352299,34.9037940865383,31.5533856102265
"Gen-12","Target",18.3140946133062,18.957940147724,27.0060670492239,30.8874904369004,23.6486920623574,27.7853623400442
"Gen-13","Target",28.867215778213,30.7007841938175,31.497077413369,27.055525975069,20.0235066346359,30.4950200733729
"Gen-14","Target",18.0601250089239,30.6741516049951,29.5476599275135,19.0730175902136,28.3505716323853,19.2482957406901
"Gen-15","Target",24.6687876242213,34.3479506424628,26.7408567653038,24.458943587495,33.6491132713854,19.3170903129503
"Gen-16","Target",19.6240086352918,34.5323179645929,25.6943852829281,27.681136299856,24.4522701995447,25.0501536456868
"Gen-17","Target",24.0413076730911,23.7415580658708,23.9215251212008,30.025189751992,21.736346408492,32.326956294477
"Gen-18","Target",32.2703970142175,23.2280419913586,30.6613221871667,23.2002885180991,25.2351054793689,28.1986067667603
"Gen-19","Target",20.1214068296831,31.9683061586693,20.363505407935,33.6642674717586,21.3306921299081,28.7458331559319
"Gen-20","Target",32.0904090481345,34.5012810321059,25.0512394413818,28.8143943692558,22.9290732580703,21.9655164694414
"Gen-21","Target",21.3815985841211,27.3318461622111,24.9891368760727,30.9466702940408,23.7995047427248,33.2812236938626
"Gen-22","Target",28.1479013336357,25.9240358360112,34.8179078493267,19.8728609750979,30.4592952572275,27.2661072909832
"Gen-23","Target",21.1566966481041,26.6816297511104,19.4723087104503,22.3319150030147,32.1791828770656,24.8993092963938
"Gen-24","Target",21.7652248786762,30.423611312639,22.1253104705829,33.3650029203855,23.8997582860757,29.0427559325472
"Gen-25","Target",32.150374857476,21.3102984183934,25.3341779431794,21.064351640176,31.1675949359778,34.6378140787128
"Gen-26","Target",21.311471257126,28.1683199258987,28.4514347738586,22.8830074234866,18.748509924626,23.2403925517574
"Gen-27","Target",23.4618089664727,19.019290309865,34.7894125648309,24.3234326899983,34.8911143094301,28.5368641291279
"Gen-28","Target",19.9422094982583,29.845776414033,33.2486661106814,32.0321815980133,19.3437736290507,22.107193632517
"Gen-29","Target",33.2674054265954,22.5489360194188,22.9803411441389,33.671506130835,30.6096381323878,30.9394439447206
"Gen-30","Target",21.9699924155138,27.112017785199,28.1854824768379,27.9622245067731,27.6096820721868,28.2632863577455
"Gen-31","Target",20.114755179733,27.5973758308683,20.3977246419527,21.8964030032512,20.4949796632864,23.6426671689842
"Gen-32","Target",22.2493512837682,24.2349327472039,33.0464818137698,27.839194094995,29.9829901189078,32.5775038024876
"Gen-33","Target",20.9526755693369,32.0514956805855,19.1695491936989,24.0683376612142,24.7822954105213,32.6061517596245
"Gen-34","Target",30.105928116478,20.0863409100566,21.5554831237532,26.5189482928254,33.1533952518366,27.5844756101724
"Gen-35","Target",32.6020642002113,25.6613315255381,24.1935445724521,32.9147841422819,20.2181036490947,28.9855519575067
"Gen-36","Target",18.1049844992813,25.9179754303768,22.2563607161865,28.9511478554923,26.7800519312732,31.9328488560859
"Gen-37","Target",31.162382514216,29.8419388534967,19.2889224283863,22.2984002986923,28.608807889279,22.080945994705
"Gen-38","Target",29.8252566047013,22.166068686638,32.9412334067747,30.8254792843945,21.8169525836129,29.5188020791393
"Gen-39","Target",23.8371626695152,22.8662938540801,30.2569849574938,19.3632299981546,19.8747925579082,33.7386185689829
"Gen-40","Target",20.7869723231997,30.7323104252573,27.3806642999407,31.1191111090593,31.2318460326642,25.9982783026062
"Gen-41","Target",29.0219194260426,27.8295307899825,25.2121425198857,33.6157737970352,26.8929508279543,21.6798457836267
"Gen-42","Target",19.5105681805871,23.78656816273,26.7250396944582,28.3843630172778,33.1548719990533,24.7151783136651
"Gen-43","Target",33.4019965755288,18.7691674053203,29.2846635829192,30.6947973736096,23.0338694853708,26.8296817371156
"Gen-44","Target",29.2536049124319,28.9535122904927,30.8944022937212,33.0308115377557,27.3070690731984,27.0206885142252
"Gen-45","Target",24.0256524062715,26.0675714991521,29.3372339995112,18.3101614720654,20.1753019660246,23.822641578503
"Gen-46","Target",20.4856238884386,28.0259612693917,33.388771341648,18.6710452230182,31.9734687160235,28.4975011507049
"Gen-47","Target",22.1476372650359,31.6820119461045,18.6087145789061,20.7646410125308,33.5658170781098,26.6284796241671
"Gen-48","Target",26.9294653129764,18.1495275220368,24.7725658940617,23.535222978564,25.2753583660815,33.6251454201993
"Gen-49","Target",32.5495549128391,32.1520523962099,19.1408558923285,28.2543226031121,27.179723870242,31.3325722785667
"Gen-50","Target",23.6817570687272,23.5479266587645,30.3040683576837,29.5955976247787,18.1836432986893,30.2362759776879
"Gen-51","Target",34.5347784988116,21.1681973009836,30.6550992294215,24.3763185094576,31.4875650710892,27.8279064048547
"Gen-52","Target",32.7040635717567,19.8994402203243,33.9698759766761,30.2798847255763,27.2637920989655,28.910751926247
"Gen-53","Target",22.6878402258735,32.6735880591441,25.7958913261537,29.7190772872418,33.5427126276772,25.3975030889269
"Gen-54","Target",29.842644467717,34.9331891112961,30.6062463829294,32.131283134222,26.4794139713049,33.4686173992231
"Gen-55","Target",22.8822424770333,23.9397724980954,33.1446609019767,25.4293737758417,26.9748554765247,33.1793306532782
"Gen-56","Target",21.6940477234311,34.4968644459732,26.4579542467836,27.1216631599236,20.6811514690053,32.6043332563713
"Gen-57","Target",27.8471417366527,27.2863545995206,21.9452879105229,25.8916788662318,22.4411740987562,32.8412136023398
"Gen-58","Target",27.7954367038328,18.7165206009522,33.5594478282146,31.6532848107163,31.0431890534237,28.0641145708505
"Gen-59","Target",24.653060002951,25.2809805800207,28.2734648121987,21.4491088371724,34.4409038394224,21.1951217576861
"Gen-60","Target",21.2480848119594,31.0933140716515,26.3756287430879,19.6556454091333,32.0722350666765,30.0963519534562
"Gen-61","Target",23.8863444121089,30.2556323092431,22.5749531441834,32.5117409331724,28.6641330234706,23.2938265749253
"Gen-62","Target",29.5121176044922,19.3983842907473,32.2850878888275,23.1408482561819,18.5116194023285,20.9539164798334
"Gen-63","Target",21.9848592721391,28.5854375679046,21.3574407470878,32.6086292464752,18.8282482777722,21.109828355955
"Gen-64","Target",27.8846165370196,20.4300747760572,24.5663609458134,21.123519765446,19.2003616730217,23.1757911217865
"Gen-65","Target",34.1125915131997,22.4604828734882,26.8940108721144,34.8911774414591,21.542412383249,34.0665452911053
"Gen-66","Target",22.0088516834658,23.7317931281868,28.3452151429374,21.733686784748,19.4766833167523,21.750678621931
"Gen-67","Target",29.8663281654008,27.9939059638418,21.6127770273015,34.710399660049,33.9161714515649,34.8885344299488
"Gen-68","Target",23.6629488181788,18.4026055992581,34.1015064788517,18.0346824449953,30.9576175620314,31.7009931823704
"Gen-69","Target",23.5680437292904,32.8880124967545,22.6182249293197,27.2894445145503,22.2392174373381,34.6848377350252
"Gen-70","Target",18.7324239944573,31.0484552581329,30.0210832767189,22.3693794449791,32.6250224178657,33.788661024766
"Gen-71","Target",21.5564546484966,31.7663134862669,25.0549460791517,22.2821317012422,21.6798973658588,30.0577103386167
"Gen-72","Target",31.5469259726815,18.6616448045243,21.8883547342848,28.6018795745913,19.0378289292566,21.9571338421665
"Gen-73","Target",23.0712010927964,34.0022687120363,18.3230226221494,34.4265438122675,30.9068495985121,22.7532026560511
"Gen-74","Target",24.7110211823601,32.0103115825914,34.1476332328748,34.5769840967841,31.1715313585009,18.2571781680454
"Gen-75","Target",33.016043998301,22.558184331283,18.1051744099241,28.8394935186952,22.6841225014068,31.2987076051068
"Gen-76","Target",24.191630377667,26.6047216167208,32.3167973891832,32.6042070239782,30.9583908917848,23.9102050575893
"Gen-77","Target",32.3798418645747,27.9916301313788,19.1810638464522,20.8737631533295,32.244495031191,21.6910765322391
"Gen-78","Target",19.9808987490833,23.3716027964838,32.0844271043316,26.43824162893,24.2446099729277,34.996914917836
"Gen-79","Target",22.0619977295864,28.2881409903057,26.8265659241006,25.2712978722993,26.3178639973048,28.6544391775969
"Gen-80","Target",20.7252944642678,24.6181864321698,34.9973435150459,20.612777704373,21.6453607578296,32.5338155794889
"Gen-81","Target",28.3897042085882,19.561326343799,20.5078843566589,20.8332649224903,29.1061004137155,22.5072332967538
"Gen-82","Target",32.8050900807139,28.0122812513728,20.7026390151586,24.2924573696218,25.5816066300031,29.0861183546949
"Gen-83","Target",31.7595222531818,34.2789653283544,27.9946500153746,18.8680694878567,26.9340871039312,29.5750959555153
"Gen-84","Target",19.1838674191386,30.3664786629379,30.1130270301364,27.7595730051398,31.6434009433724,33.8857546735089
"Gen-85","Target",27.98703903961,29.4927613520995,22.9623301066458,18.2496119625866,23.0102652984206,23.3241601611953
"Gen-86","Target",25.648803506745,24.2687726626173,22.027241576463,32.1010807596613,19.2035554808099,25.791970759863
"Gen-87","Target",22.1991522051394,28.4708613343537,27.2393434310798,34.6500838261563,28.0608872971497,29.8355940885376
"Gen-88","Target",31.8033674038015,25.7811639180873,29.3561492895242,24.512937055435,29.608246967895,23.1169040151872
"Gen-89","Target",26.3747083374765,29.4088967568241,25.1256950329989,19.3346014793497,25.7787807136774,27.432112830691
"Gen-90","Target",24.8773530730978,33.8156064832583,28.3040895143058,34.56840080861,32.0794784200843,31.6760392959695
"Gen-91","Target",22.07313589775,28.6509169447236,31.4651506200898,25.0396713658702,26.5920879042242,18.1047958552372
"Gen-92","Target",18.2073574936949,34.8820432936773,26.4136999135371,20.4710350383539,26.1176635858137,24.2120424311142
"Gen-93","Target",21.4957466558553,31.998852201039,22.7061703908257,33.0142316499259,28.3222413025796,25.647200879408
"Gen-94","Target",23.5133139321115,34.183518768521,30.5059692729264,22.4531048766803,30.5949459357653,23.6203883073758
"Gen-95","Target",23.7369881896302,23.7395190675743,22.3014267848339,34.4918170976453,34.7614844236523,28.0530515674036
"Gen-96","Target",31.2422972056083,25.3611950040795,20.5743633687962,30.4816908477806,25.4819124403875,22.0929441992193
"Gen-97","Target",32.6664072915446,23.5030610254034,29.0372024276294,19.0060636708513,20.1367273186333,33.543788468698
"Gen-98","Target",22.3677412618417,20.6465514716692,34.2132281512022,25.6311979708262,21.2854060609825,34.4963450850919
"Gen-99","Target",30.6841873612721,19.8620453977492,29.9601393998601,24.1535781943239,26.9476875953842,33.2916784489062
"Gen-100","Target",30.9251307144295,21.8180918535218,19.1242749991361,25.2173480743077,32.690324162133,28.4658742682077
"Gen-101","Target",24.2398245097138,20.1021647017915,31.8889450896531,28.3886181991547,25.8465257505886,33.0216469995212
"Gen-102","Target",19.5608327067457,23.3524759528227,24.2410663147457,25.2113770944998,22.8922300352715,19.6924638065975
"Gen-103","Target",21.7991457693279,21.4073076127097,32.6071396116167,32.9947305540554,23.5270595520269,27.6984726043884
"Gen-104","Target",19.0985024229158,28.3787219824735,30.6411197637208,34.3213323305827,34.2834823795129,18.113762305351
"Gen-105","Target",22.0815000762232,28.4367426128592,26.1129366315436,20.2644036065321,20.0248410517816,33.5504067912698
"Gen-106","Target",22.8781309789047,27.6536092152819,32.1761196358129,28.4486172804609,19.3052531564608,19.8545184053946
"Gen-107","Target",19.3594000372104,28.30316608469,31.0665811167564,25.2523103307467,23.2209969477262,32.0304785016924
"Gen-108","Target",27.6747716136742,26.3978976064827,18.3922333829105,19.0686254375614,19.4975341041572,24.441134449793
"Gen-109","Target",29.03492363845,22.9263704670593,27.7232246780768,34.4091239003465,25.2117875753902,28.0155822609086
"Gen-110","Target",34.7876081683207,27.5454291705973,32.2229191872757,32.985259688925,31.6854887516238,24.9229461022187
"Gen-111","Target",24.9684543167241,34.5735377806704,19.975713214837,19.0857220422477,27.6137498014141,20.2507103090174
"Gen-112","Target",22.0366488108411,29.3196298608091,28.3197444803081,18.860714080045,24.9583448641934,33.5876589433756
"Gen-113","Target",24.8710829266347,31.2388388686813,18.892937380122,29.9152554166503,18.6411127250176,25.0858237131033
"Gen-114","Target",19.3592433747835,32.4548398968764,31.1075458794367,25.7340316865593,21.0121799290646,29.1075477204286
"Gen-115","Target",27.4358653826639,20.0365350469947,29.6991939397994,31.1624312743079,18.6333179855719,26.0566202017944
"Gen-116","Target",21.8847440967802,18.9592624451034,25.162879350828,19.6846804230008,28.9653635933064,20.4367436042521
"Gen-117","Target",32.6021799435839,28.4627732466906,32.8579145730473,24.4478498888202,27.6673877350986,33.160797088407
"Gen-118","Target",24.4182780429255,26.1981508708559,26.286006922368,25.7249703602865,34.8756367820315,30.2807274372317
"Gen-119","Target",32.0186924287118,21.021402525017,24.5737207194325,25.2412237764802,19.5057986883912,34.3970445741434
"Gen-120","Target",32.0838697929867,27.0191325333435,24.0278859145474,29.1669101379812,33.9662758519407,31.8307599676773
"Gen-121","Target",27.5990223221015,29.8024802429136,22.6767345063854,25.1879013406578,19.8354491088539,28.6973515257705
"Gen-122","Target",25.1300256170798,27.1480464187916,21.1064047198743,31.4023563929368,26.5980435819365,31.836689802818
"Gen-123","Target",23.0509091287386,32.0447756224312,21.7195657251868,28.7018495423254,25.5451236991212,26.3859484985005
"Gen-124","Target",27.7643811365124,32.4637202301528,33.1010928000323,25.1070744092576,33.0225183956791,31.2321137639228
"Gen-125","Target",19.2999227945693,29.4272127635777,20.723997712601,22.5583507267293,26.7972738104872,31.6257223524153
"Gen-126","Target",33.644865633687,32.4185689748265,26.1635921883862,30.2658950835466,32.8105574569199,26.8576992407907
"Gen-127","Target",24.3943508178927,27.4841733819339,32.7464551816229,33.6445834394544,19.4683608252089,22.3114091500174
"Gen-128","Target",30.2348108752631,31.3507184740156,21.282037316123,26.0224770111963,23.3139163265005,31.5705175886396
"Gen-129","Target",21.029935145285,25.7635226363782,33.516355805099,23.0941973282024,32.6884612448048,34.0169627768919
"Gen-130","Target",18.5854487519246,27.4985138678458,27.5120904245414,29.1227511281613,25.9750537350774,26.1843883576803
"Gen-131","Target",31.0473804422654,32.6532466304488,28.2672584904358,28.7049882491119,24.8809632910416,33.9291702769697
"Gen-132","Target",21.563791753957,20.3509886777028,26.908844781341,32.5236799479462,34.1960835384671,24.1348733655177
"Gen-133","Target",24.0902825642843,24.0869336100295,26.9848213838413,23.7784098342527,29.299879985163,21.9674794955645
"Gen-134","Target",19.1783715009224,21.899467000505,27.9136461401358,22.1254050380085,34.7838490656577,33.7533545938786
"Gen-135","Target",33.6429875132162,28.3758238067385,26.6847415901721,28.2246114392765,27.1200433068443,19.8501451408956
"Gen-136","Target",23.2234441984911,23.814216892235,32.5742983974051,24.6899363275152,31.6872361947317,31.9587668932509
"Gen-137","Target",19.3714071870781,29.4241557919886,25.2358751043212,22.6563597265631,28.4489144086838,21.5672824089415
"Gen-138","Target",32.0413513293024,26.0452793026343,34.5157499471679,29.9546521143056,31.9288763038348,30.1596181192435
"Gen-139","Target",28.5338687023614,26.6287943343632,28.0181928474922,32.795167922508,30.3883357867599,28.9990016049705
"Gen-140","Target",24.2814952903427,24.2017135364003,24.6143432154786,29.3294450468384,21.2591202510521,25.0989815520588
"Gen-141","Target",23.0127706623171,20.4505974510685,24.1306974291801,18.6899163206108,26.4809773103334,31.654030920472
"Gen-142","Target",31.4971738886088,21.8164300641511,18.8373529098462,29.2713262035977,33.9244906380773,23.9203442395665
"Gen-143","Target",29.6793364309706,27.1139565084595,33.391741321655,24.1192097391468,21.3766195608769,27.6148201960605
"Gen-144","Target",22.3068637785036,20.9482181472704,22.2544436992612,24.4291389565915,32.3486429618206,30.9999748114496
"Gen-145","Target",28.2457157047465,28.7523016240448,20.3687039169017,34.1106687728316,19.2076828707941,33.4761578016914
"Gen-146","Target",22.0618509901688,23.9955788764637,31.5178489671089,18.6340514372569,27.4277270347811,20.4107374988962
"Gen-147","Target",20.6931086515542,31.4668414264452,19.2917345783208,21.8792962895241,34.5336949157063,28.4932609780226
"Gen-148","Target",18.7734074711334,34.198609896237,21.806404678151,33.7109611553606,34.5350831237156,27.0101849951316
"Gen-149","Target",34.2438647514209,33.9887869523373,18.905392640736,29.0375586110167,34.8736261832528,33.4864170176443
"Gen-150","Target",22.7449571064208,29.9076843427029,26.2777319559827,30.36774705071,30.5539698014036,22.8473819917999
"Gen-151","Target",30.459162236657,23.4670075308532,23.7579276666511,28.2465669461526,18.3693120984826,26.9835153107997
"Gen-152","Target",20.7873238201719,19.0900375656784,20.7828619175125,21.4168282037135,22.5220723475795,26.5438726081047
"Gen-153","Target",34.3477617648896,26.8240134585649,27.2035145598929,34.6354023402091,19.6023449408822,30.4341073904652
"Gen-154","Target",28.8217967045493,28.2229424857069,28.0139333195984,33.7417059824802,32.8719526941422,18.5854964749888
"Gen-155","Target",27.1089310445823,30.1131572839804,33.0105296985712,34.8424289587419,23.3083307093475,19.420250110561
"Gen-156","Target",22.3664046756458,27.755613158457,20.9320561934728,18.8781989328563,20.9851951743476,22.0250781862997
"Gen-157","Target",25.196479522856,29.6507840822451,20.978592565516,27.4673485339154,23.9526393003762,34.0938946283422
"Gen-158","Target",31.2883505087811,30.1943698036484,26.794284384232,27.3004273541737,31.6367502671201,24.8164851644542
"Gen-159","Target",18.0199472315144,30.7819613199681,18.0972257312387,21.847465848783,20.738576952368,22.3357357573695
"Gen-160","Target",23.6456715965178,31.1219280562364,28.3035542061552,30.8284015373792,22.6077908040024,28.5908984488342
"Gen-161","Target",34.1450750557706,20.4397795503028,30.762852473883,22.7432516787667,26.0389691751916,33.4363912176341
"Gen-162","Target",28.1573802812491,23.8817883853335,27.5411745230667,26.7985772197135,29.5006343277637,29.4631922927219
"Gen-163","Target",30.7801691105124,27.5087066823617,24.4971417463385,22.702541846782,31.1023819684051,24.7199007715099
"Gen-164","Target",20.7012453172356,30.4452941406053,24.8406126229092,27.2197688170709,33.1730457232334,23.6653266909998
"Gen-165","Target",34.1730617494322,29.0209582478274,28.7397446595132,23.3815558953211,24.3626490992028,29.0290365510155
"Gen-166","Target",33.5469208266586,19.4754470372573,23.5737847976852,24.4681469826028,30.3084060663823,29.3516698761377
"Gen-167","Target",30.2455505477265,30.2962202548515,25.3061762799043,25.2300741178915,29.1813340412918,19.1760119146202
"Gen-168","Target",24.6274518470746,18.2158960036468,24.4624339495786,22.0531624872237,28.8030762253329,22.4529800652526
"Gen-169","Target",19.7716753021814,27.2820553518832,30.047750942409,33.8032145446632,32.4512508390471,31.9830134634394
"Gen-170","Target",30.5683162244968,24.3775342819281,27.0974221429788,19.1096155361738,20.6876434127335,29.6322951689363
"Gen-171","Target",25.660305058118,20.8206366682425,22.4140555041377,32.7799440671224,22.0556130113546,26.6078869458288
"Gen-172","Target",21.3387079581153,34.6382820513099,23.7533163330518,19.6514157215133,31.1779496811796,24.8403209885582
"Gen-173","Target",33.7991613377817,26.0655293581076,27.4882172753569,31.328213948058,28.9092636331916,32.1761734583415
"Gen-174","Target",24.7773652819451,28.4994990359992,31.6306859666947,23.5366210343782,18.8952545670327,20.9970104820095
"Gen-175","Target",34.6154544160236,24.858818245586,25.3971086819656,27.0327604862396,23.5137674377766,29.7384533975273
"Gen-176","Target",24.656330748694,28.2770401749294,20.5895946139935,33.550931353122,20.2754672709852,23.5765085825697
"Gen-177","Target",32.3666749496479,30.2082264171913,27.408639427973,34.2441446776502,20.6605317804497,25.8066588519141
"Gen-178","Target",29.6097100675106,21.4884047333617,24.8646038467996,26.358368937159,22.7583475878928,26.7461881760973
"Gen-179","Target",22.4016650260892,32.0788096282631,28.4185820810962,28.6095627029426,33.5845873781946,25.6059374883771
"Gen-180","Target",27.2257627302315,31.4060900053009,25.9160889107734,31.1187720010057,28.1002493414562,30.5063062871341
"Gen-181","Target",21.151819673134,20.4277914389968,31.0393566780258,32.7732670574915,34.9487600068096,29.1284265036229
"Gen-182","Target",28.9080323290545,20.3118944200687,29.0512584671378,23.6851783141028,30.6205792652909,21.360151957022
"Gen-183","Target",31.7262580266688,23.5242210370488,32.162197796395,23.4644757504575,34.2301144807134,18.8608267954551
"Gen-184","Target",18.6128416839056,22.0005339654163,24.2687378746923,24.3311942208093,29.3336685637478,26.6186172494199
"Gen-185","Target",29.3655582061037,25.7029388614465,20.3135486890096,30.1313989136834,22.2294123484753,32.4840078165289
"Gen-186","Target",21.3640710667241,18.9107932117768,22.3890732775908,27.07694576215,22.6869958478492,34.8467126153409
"Gen-187","Target",34.1728312640917,18.9096961908508,26.309943908127,33.1455452966038,25.5928057888523,30.3730977731757
"Gen-188","Target",18.2128348285332,30.5782268368639,29.7122803465463,30.9664067041595,25.8206410051789,27.888619503472
"Gen-189","Target",30.9512878498062,32.5848170048557,22.5465772445314,25.5517473295331,27.6908669127151,27.003868720727
"Gen-190","Target",18.3048012778163,33.0692265976686,31.1777072462719,22.4836819982156,33.8328651017509,31.3427842741366
"Gen-191","Target",22.9703577577602,19.489036853658,33.4361291544046,22.2090706783347,23.635398800252,31.9283993621357
"Gen-192","Target",25.6545492813457,25.1017392382491,20.0945349605754,33.3101294869557,24.9178226748481,32.4879454027396
"Gen-193","Target",32.8441336189862,32.3379088069778,19.7358006078284,18.3617375928443,22.9510752055794,19.2878574999049
"Gen-194","Target",23.3929080988746,30.5512134530582,31.4336523567326,33.6709684557281,31.3818285248708,28.9008936837781
"Gen-195","Target",21.1065570837818,21.9796486671548,33.2149585667066,21.5647847237997,25.8742608660832,28.9705863259733
"Gen-196","Target",28.7868561861105,32.465960459318,20.1609927373938,29.940496084746,33.1048572224099,25.0931374814827
"Gen-197","Target",33.0707384059206,18.1471477295272,27.0755515892524,30.0330182700418,29.512223013211,18.504634704208
"Gen-198","Target",24.2294089717325,19.2054226966575,31.4635051540099,26.7422380347271,31.8337295399979,20.3400384688284
"Gen-199","Target",25.4008256029338,31.5960177946836,21.0345220335294,31.6066817285027,26.7311836085282,33.6612201184034
"Gen-200","Target",19.6594609031454,27.5763685551938,32.4716552176978,23.0629942456726,25.7507097912021,33.5886172559112
"Gen-201","Target",27.2557083731517,26.3161059306003,25.951633798657,33.0881673779804,34.7713769474067,31.2536758771166
"Gen-202","Target",32.9381207008846,18.8310771111865,30.7283647763543,31.2237663283013,26.8825620785356,25.3550879757386
"Gen-203","Target",30.4387855806854,27.6321607159916,27.5329548595473,27.4868842079304,26.4854726234917,21.8545542377979
"Gen-204","Target",20.5080713224597,19.5333358186763,27.8363306003157,18.6478113855701,30.3623708062805,25.1187245682813
"Gen-205","Target",21.3690147676971,33.5384898944758,29.5979427718557,23.0595314756501,34.2631248452235,18.3537213886157
"Gen-206","Target",22.7480863176752,22.6392317656428,19.9454055423848,22.8831925170962,18.6945034463424,19.0591973953415
"Gen-207","Target",33.5807817399036,32.8518705619499,30.6781821041368,34.2944291725289,26.5386487948708,32.1470668183174
"Gen-208","Target",18.8593854417559,24.0855893332046,33.5010574697517,25.9236740043852,27.0532037257217,26.091344024986
"Gen-209","Target",20.8347384359222,34.1348866228946,27.9511778464075,33.127775894478,26.1574415019713,34.2952937409282
"Gen-210","Target",22.7961228967179,32.0705956525635,29.0761583093554,30.390322213294,27.5495102149434,23.3912732603494
"Gen-211","Target",28.1011597013567,28.9433749213349,24.0581091800705,33.5223530153744,20.2807535354514,25.1164552152622
"Gen-212","Target",32.1056259688921,18.5281747458503,22.0054099271074,20.1639732895419,28.6993800627533,18.5586896853056
"Gen-213","Target",34.0782036790624,30.3116418065038,27.5631783585995,26.4150278274901,21.0581393218599,22.3036575580481
"Gen-214","Target",30.4915337525308,26.0920479728375,24.1577824985143,24.8092714850791,18.7942963237874,34.8769295874517
"Gen-215","Target",19.6882760354783,25.4056138843298,23.9728420365136,21.5559335539583,34.0077379287686,25.7875548584852
"Gen-216","Target",32.1528233510908,32.6112767583691,28.9296106507536,18.4981662519276,34.9812270915136,32.3127255593427
"Gen-217","Target",31.1262913225219,27.430452632485,32.0518838257995,19.2336030413862,24.3268210156821,23.0478231203742
"Gen-218","Target",33.1875885997433,27.1385020592716,20.643767475849,28.6762394865509,24.5603316153865,19.5871775283013
"Gen-219","Target",28.5495658342261,18.9027454692405,26.1604416547343,30.3712341671344,25.6100949838292,25.70290062204
"Gen-220","Target",25.2868085766677,23.7960617712233,21.6144124239217,20.9022807814181,22.9684557500295,18.6956452890299
"Gen-221","Target",27.5106263908092,27.0361348357983,20.909317398211,24.4061657811981,21.8090299533214,19.4932088002097
"Gen-222","Target",24.4568483086769,28.3034099959768,32.0246794191189,30.3942176019773,30.1736134570092,24.3268688020762
"Gen-223","Target",21.4100172393955,22.2145268965978,28.1947243488394,22.8436512807384,23.8842650330625,20.6326519718859
"Gen-224","Target",22.4355276334099,20.7186267839279,28.7122773821466,22.5332288299687,34.0283078281209,22.7755810604431
"Gen-225","Target",30.7596604551654,28.7465389759745,23.1938136536628,21.1952656076755,34.2444552357774,32.890175989829
"Gen-226","Target",20.8402761439793,25.9604660961777,21.0764297156129,34.1758500793949,20.2049508527853,29.9332920394372
"Gen-227","Target",19.1570601703133,31.1023241244256,32.3582712216303,34.4467864502221,30.8293599924073,23.2241076547652
"Gen-228","Target",22.3162411330268,29.8049193082843,24.6209014616907,34.5832551931962,24.6625621451531,27.8873761745635
"Gen-229","Target",21.2584231309593,25.3503260277212,26.0657051224262,24.9921360432636,22.553671942791,25.338809839217
"Gen-230","Target",18.7665563952178,23.8995068226941,30.7654092141893,20.4129226785153,20.0137748303823,24.8041204973124
"Gen-231","Target",34.4135648882948,30.393551165238,32.7209702222608,18.3593910129275,21.2101340356749,27.5115886377171
"Gen-232","Target",29.0730646222364,27.2487863914575,31.9807898544241,19.0222364659421,23.6425493594725,21.9553297306411
"Gen-233","Target",19.9899428614881,29.4824053007178,19.0277516285423,23.1059801792726,18.4352689632215,24.1996104917489
"Gen-234","Target",29.4005964386743,28.8686692635529,32.4077941859141,28.9115513202269,32.6702887238935,32.6058071814477
"Gen-235","Target",27.8641712709796,18.7415125090629,29.8759731284808,24.641260009259,27.0155560504645,29.0272195795551
"Gen-236","Target",23.0508115689736,29.5560171871912,24.1608612081036,25.9597873615567,26.9169636513107,31.302774483338
"Gen-237","Target",29.2694645132869,31.4822144515347,28.549251222983,22.6909289692994,28.4866869784892,31.9395348941907
"Gen-238","Target",21.696706068702,18.8727781279013,25.5472220494412,30.7504281301517,21.4226978160441,29.28783038049
"Gen-239","Target",32.0692179612815,27.9367914937902,29.4766256920993,26.8585482458584,29.3565764182713,20.7593582035042
"Gen-240","Target",25.6583813203033,28.7125394137111,29.6001786391716,34.8971985508688,32.2233810762409,19.3954168993514
"Gen-241","Target",23.9209871334024,32.3796409978531,32.4700519610196,25.3465495607816,28.3463923633099,27.5719326375984
"Gen-242","Target",21.5950468184892,22.4742823634297,24.8092415656429,28.2832997571677,22.1288447994739,29.2054947321303
"Gen-243","Target",19.3940300925169,21.7857683140319,29.5807541131508,18.8515009954572,28.0329279066063,24.9766676630825
"Gen-244","Target",26.5101742311381,22.2569064896088,31.0503980661742,29.615174542414,22.8802920100279,29.2878118802328
"Gen-245","Target",23.9614062493201,22.5663739605807,22.3464357813355,22.9124416692648,34.2922672152054,27.4477258049883
"Gen-246","Target",30.7076724919025,28.8591292698402,18.5805296110921,22.4262948650867,27.2495142898988,30.5881348447874
"Gen-247","Target",33.143766600173,24.6905487002805,31.6465680180117,28.2121871153358,32.2514251626562,18.8384347751271
"Gen-248","Target",23.3093617404811,29.0312611733098,21.2102331747301,34.2667394843884,33.697605608264,33.0945892194286
"Gen-249","Target",21.1951182666235,31.1042290492915,31.2512056455016,26.6179518259596,21.1109173854347,23.6757066692226
"Gen-250","Target",26.7396308679599,34.6827312665991,25.4532641626429,25.7568299961276,23.4653077237308,31.7089710165747
"Gen-251","Target",29.6500998537522,34.6167145273648,25.6673619246576,29.2706658306997,18.4738126304001,19.4867280262988
"Gen-252","Target",27.1093781618401,33.003908482613,26.2066969922744,33.3488589681219,21.955681809457,33.2656682191882
"Gen-253","Target",21.9120464669541,33.7391364970244,22.4684662490617,23.5518925574142,24.4227658000309,19.9298099006992
"Gen-254","Target",26.6061635562219,24.1168480827473,28.9298170311376,28.941695419373,19.5185262558516,22.5729527692311
"Gen-255","Target",23.387135488214,32.6902525359765,32.8400244719815,18.0568282899912,25.4673979475629,32.2279269266874
"Gen-256","Target",31.7629516562447,31.6201083317865,28.2780292578973,24.383142543491,34.4130863910541,24.2648012898862
"Gen-257","Target",24.8662139114458,30.5574600249529,32.8979122480378,31.5878191764932,21.1678906732704,19.5161137138493
"Gen-258","Target",33.1522375410423,21.7320593202021,26.0055922965985,24.1842164965346,23.9332683435641,30.0405987643171
"Gen-259","Target",32.6936203744262,24.8178567602299,24.1365702713374,18.1963952956721,21.5226355646737,29.715407012729
"Gen-260","Target",19.3162116259336,25.1053674814757,29.1271275947802,20.9819886095356,33.7391144463327,19.930625724839
"Gen-261","Target",29.2450439243112,27.2017835311126,20.7965005058795,25.1765653297771,28.2255924199708,24.8552569183521
"Gen-262","Target",19.1193195939995,26.553572494071,34.1840549712069,25.5641945353709,23.5265534666833,19.4641817540396
"Gen-263","Target",27.0670619185548,21.7899904653896,21.3626060157549,23.726524972124,30.2627529846504,31.1465940051712
"Gen-264","Target",29.4107281437609,31.2427955646999,34.8254655527417,24.4366270287428,28.9583923844621,27.463521446567
"Gen-265","Target",34.1805543180089,28.5985825944226,27.5665187197737,19.5448531194124,34.9765284101013,28.1642667269334
"Gen-266","Target",30.7210351517424,31.7616155806463,20.2966589634307,20.936481760582,19.8585755783133,25.2491985193919
"Gen-267","Target",25.3064844196197,23.3598809875548,33.5267374180257,30.54218232329,22.6725917628501,28.6831597464625
"Gen-268","Target",20.0364917214029,30.732077921275,28.7414496161509,18.7410822692327,19.6917706090026,23.7618516883813
"Gen-269","Target",20.2143411266152,25.9910153129604,25.4032027830835,24.6857155812904,26.3124502853025,22.893080473179
"Gen-270","Target",25.3001369354315,31.8423815728165,34.870097751962,19.1009359587915,18.1489821681753,26.342747955583
"Gen-271","Target",21.272323461948,22.5170835675672,24.143865816528,26.2492103856057,31.5742676232476,23.9378874627873
"Gen-272","Target",22.4769616154954,19.895347550977,18.3478848978411,24.9634275902063,28.6648391997442,25.9676434716675
"Gen-273","Target",29.9023149181157,31.8065845090896,26.9315287645441,24.5112164325546,22.9593163696118,34.5759104841854
"Gen-274","Target",27.039704534458,20.430310933385,34.7540802676231,27.1363629917614,32.7989717598539,20.5120237437077
"Gen-275","Target",22.4421273567714,27.0077169998549,27.5343064549379,26.4625268462114,32.6208530282602,26.1662951139733
"Gen-276","Target",28.4166279290803,25.2070639024023,18.1125938245095,34.4672438043635,22.5400718827732,32.7367436389904
"Gen-277","Target",24.0457663380075,24.1506831336301,21.2655884183478,27.3782228122,23.4804655853659,31.0249995600898
"Gen-278","Target",22.6046560474206,30.1293708595913,26.3962508460972,30.2392128519714,23.9204239640385,18.2155685799662
"Gen-279","Target",28.6170077503193,32.9254634811077,28.1622396267485,33.2121054145973,24.8109879717231,31.4260980454274
"Gen-280","Target",31.2537832371891,30.316398383351,28.6740063582547,34.2138904952444,31.3167198973242,26.0369980190881
"Gen-281","Target",34.5131178877782,33.6722394914832,29.932584074093,26.325460589258,29.7756300920155,21.0976011939347
"Gen-282","Target",34.5222641711589,22.9913050124887,27.0486915865913,25.9149248353206,31.7039584561717,30.8305203195196
"Gen-283","Target",28.4063567754347,33.5795680612791,22.3483162608463,23.5049682578538,18.5844993530773,31.2161886403337
"Gen-284","Target",20.4444679326843,28.5990398998838,29.1850715049077,28.4392857649364,19.5852175459731,29.4010007013567
"Gen-285","Target",28.7467326468322,20.5677423190791,34.2878179389518,21.3875865323935,33.7893775317352,22.2576433452778
"Gen-286","Target",34.9752192536835,29.6569971842691,32.6881919896696,27.1710364359897,34.2193633613642,30.5954628307372
"Gen-287","Target",26.5810031786095,21.2183979074471,31.2314676363021,32.1508682966232,30.796095330501,26.3174684187397
"Gen-288","Target",20.7316712187603,27.5049774278887,19.6275781479198,32.4332536866423,27.8402700230945,30.990109574981
"Gen-289","Target",23.5960288278293,20.6064732172526,18.0655124587938,28.1803444677498,31.9387024063617,30.8023495494854
"Gen-290","Target",26.5200157742947,30.4568359025288,19.9839509788435,29.1461931231897,32.0780289799441,29.5048104422167
"Gen-291","Target",27.220046479255,32.3021915943827,24.231348284753,28.6399826633278,25.3932884382084,18.020283232443
"Gen-292","Target",24.1879209335893,26.7622642663773,19.8141629677266,20.9368933972437,26.575649645878,26.2006513504311
"Gen-293","Target",24.4590611793101,20.3645394155756,23.9643136949744,21.7663044442888,20.2459612367675,19.3244218928739
"Gen-294","Target",33.4732488004956,24.7155794138089,22.7308293022215,28.496725054225,22.290840620175,20.7410097045358
"Gen-295","Target",22.249837083742,26.6636090874672,34.4073928755242,24.6770850014873,32.3706713970751,25.0133021583315
"Gen-296","Target",20.9252188205719,26.9837422615383,30.1219876657706,32.9275769435335,33.1531469193287,20.5987675355282
"Gen-297","Target",21.9230859591626,20.371619971469,20.5709605207667,24.1851509455591,27.8743816872593,24.1749486750923
"Gen-298","Target",32.5502207321115,28.6635993896052,20.195916968165,22.9843923996668,22.1714206796605,22.5695878400002
"Gen-299","Target",30.8066605329514,31.9339236798696,18.4314345968887,27.5283287067432,32.5837643307168,28.8859848591965
"Gen-300","Target",25.6909746888559,25.5073490790091,22.1319094498176,20.5700506041758,25.1405587983318,25.7555033171084
"Gen-301","Target",25.436203568941,20.1415055147372,22.8716596609447,24.9522154408041,28.4639057600871,33.8628852206748
"Gen-302","Target",21.833331897622,31.6029085230548,29.2460569380783,30.3472902507056,18.6537197399884,30.4865878152195
"Gen-303","Target",25.1660007012542,24.2286111095455,24.0657772833947,26.7919652974233,27.7164484225214,31.5214933792595
"Gen-304","Target",24.1071710470133,31.7915070923045,20.1289644737262,20.0453371480107,22.2445396098774,32.6275619957596
"Gen-305","Target",21.9474184482824,30.0668832839001,30.0048623667099,32.3151121716946,23.1840126693714,30.8894965709187
"Gen-306","Target",19.3223864727188,18.3508904811461,24.7918188474141,24.61015363154,32.4367163933348,33.4655974835623
"Gen-307","Target",21.4130332088098,19.7742601372302,21.5386991591658,33.3391786986031,31.6575031939428,19.5692644028459
"Gen-308","Target",28.2427831289824,29.2990829818882,24.8712533039507,24.6761742616072,20.2594462144189,22.3764832152519
"Gen-309","Target",18.1143469831441,31.634729610756,20.2351571894251,23.9909671510104,28.0282639616635,26.0392908952199
"Gen-310","Target",29.3839716063812,28.8813154045492,32.2601377982646,33.2185059851035,34.0014804324601,32.9694238288794
"Gen-311","Target",34.2404199196026,28.7105057945009,31.8462124837097,19.2730973106809,20.6971015287563,32.9630002221093
"Gen-312","Target",28.8253256503958,19.1972021583933,31.4275273268577,24.7759974345099,32.8623285982758,18.6631196478847
"Gen-313","Target",27.9310998346191,30.0058564844076,22.1036534851883,23.1448725094087,29.1136737279594,18.4194655281026
"Gen-314","Target",22.6506585718598,32.7972789308988,29.6673594894819,32.5170937771909,30.5028425988276,28.147634583991
"Gen-315","Target",22.1337225858588,29.6461455365643,23.1922019463964,24.6094134510495,20.2379305260256,27.6647754979786
"Gen-316","Target",32.4694320876151,25.1375154585112,24.4247340033762,22.4621816633735,30.8661598856561,20.5733020342886
"Gen-317","Target",27.1259773771744,29.101072258316,28.4555624092463,25.3708904727828,25.9276984476019,21.7966380503494
"Gen-318","Target",28.2302820095792,24.0920214618091,25.4016744496766,24.9787169762421,21.8716149937827,18.2268429272808
"Gen-319","Target",32.5028961081989,34.3180409353226,22.8420654833317,25.4213934361469,34.0791555873584,23.2902466959786
"Gen-320","Target",21.1379115802702,25.6483083299827,25.7210873526055,32.6739370664582,30.3482149073388,26.2304724035785
"Gen-321","Target",34.4909831373952,29.2873873598874,20.4323561815545,29.7701323095243,24.914463627385,26.3841064127628
"Gen-322","Target",28.2352593704127,26.5958033171482,18.4532677107491,22.1573293060064,34.3053067063447,18.6265131919645
"Gen-323","Target",30.778318886878,23.68483537063,30.1307024506386,34.1882095970213,26.5891483740415,18.2807466487866
"Gen-324","Target",24.5095045175403,33.1580284619704,31.5126965742093,26.0308673924301,32.3657020553946,29.2349949558266
"Gen-325","Target",27.0056007271633,31.12637242442,34.6514061631169,20.3652940709144,22.4320795123931,33.7442922345363
"Gen-326","Target",22.4515571405645,26.0188929524738,29.6983372401446,32.6419520135969,30.9801567334216,24.4030376465525
"Gen-327","Target",28.5513664982282,29.4708010479808,28.7540465418715,33.3245023780037,18.5090548368171,28.1121983504854
"Gen-328","Target",28.2291781133972,28.1561686806381,18.6220033208374,24.1397909705993,32.1625314264093,31.0399269680493
"Gen-329","Target",28.8802570861299,26.9214555565268,21.150996645214,21.187664748868,33.9681356463116,18.9658526531421
"Gen-330","Target",20.1840136952233,28.6208488652483,22.9983659638092,31.4742872535717,34.5926636070944,23.8308653347194
"Gen-331","Target",23.3912555912975,34.9633828769438,30.1220856055152,19.7539340383373,30.2569037249777,21.8911888794973
"Gen-332","Target",18.4602567865513,26.3994647255167,20.7059904907364,28.7847585878335,33.6685220836662,34.1269329925999
"Gen-333","Target",24.8740291935392,34.9769968062174,29.5629474492744,28.7114921503235,27.226820561802,32.1335765367839
"Gen-334","Target",28.828383738175,28.3648495285306,33.7078794019762,21.3552285691258,34.011686763959,30.1422142970841
"Gen-335","Target",19.0157587318681,31.8521984806284,18.1253962875344,24.3199955606833,25.9683875627816,34.8270464302041
"Gen-336","Target",31.0558384757023,19.4932020001579,21.8055106375832,25.4796065262053,26.3269940563478,19.7996611131821
"Gen-337","Target",28.6226882040501,27.678158367984,31.0565540920943,31.5541150127538,33.0137518900447,28.5656420749146
"Gen-338","Target",19.3572649001144,20.3154600656126,27.6885012704879,19.9580710940063,24.9481941640843,20.1696855428163
"Gen-339","Target",29.8992162002251,33.9557169745676,34.6012297882698,32.9446547590196,25.6294099846855,29.8802039718721
"Gen-340","Target",22.9927814113908,32.0781928263605,20.1040247376077,22.6319267961662,19.3437412832864,28.0314816962928
"Gen-341","Target",20.8126237611286,27.9018427780829,33.6693702258635,25.4673925288953,20.4027154960204,27.1569155268371
"Gen-342","Target",34.3877262629103,32.5331141490024,34.232581755612,22.4722565971315,19.9245563144796,25.6666856836528
"Gen-343","Target",33.1781856836751,23.4161502523348,31.7928053797223,20.313707298832,27.9692146393936,19.4788693552837
"Gen-344","Target",21.0096417246386,18.6296339209657,27.1829255784396,32.7006434227806,20.3249048229773,31.23710145941
"Gen-345","Target",22.1852855656762,19.7594186719507,18.6438893468585,31.2113708551042,31.9893817633856,30.9289773311466
"Gen-346","Target",32.9143325008918,31.1763319100719,31.3915781485848,18.5479799362365,24.8698250753805,25.0422050461639
"Gen-347","Target",23.7803671883885,33.0591230308637,25.0882100602612,18.2822307818569,28.5348611893132,34.7530453377403
"Gen-348","Target",18.0560489161871,33.0579257586505,18.7020312699024,18.2878715950064,26.8534239477012,22.7937501021661
"Gen-349","Target",31.2731084341649,29.7937499501277,22.044817303773,19.8907471813727,19.4378457313869,23.7384841020685
"Gen-350","Target",19.3514900531154,23.8876727416646,27.6445939575788,21.1278071822599,34.6603293668013,22.5268345172517
"Gen-351","Target",27.2975929279346,29.6496972574387,24.8320407499559,29.5042067456525,19.788183350116,26.238607371226
"Gen-352","Target",25.0289253802039,20.8835857212543,20.1653407569975,34.4681150738616,29.6993688174989,32.3563017398119
"Gen-353","Target",25.1697081425227,28.2541746920906,19.9220457298215,23.5279202889651,23.46844324423,21.6594607562292
"Gen-354","Target",19.9494409100153,30.1206663539633,22.4617896035779,27.3754020177294,32.5582875488326,28.4892495332751
"Gen-355","Target",28.2539440919645,21.6454584086314,19.7257836605422,23.1086984465364,33.765176725341,29.5025194620248
"Gen-356","Target",23.4913619954605,32.9714891170152,18.5637572279666,22.1008305454161,32.0717760196421,28.1632817722857
"Gen-357","Target",18.3779757048469,28.7914587801788,29.6549432678148,22.978172956733,23.7530424706638,30.4600884013344
"Gen-358","Target",25.511163421208,31.996330129914,29.7648134657647,24.1000207688194,19.6794074736536,20.9953775512986
"Gen-359","Target",32.912636509398,25.4453440299258,24.2635885651689,31.5781943483744,23.8475459448528,33.9563051988371
"Gen-360","Target",23.0598617333453,21.7657961226068,19.538978211116,34.0169404253829,20.6090885337908,30.6277674899902
"Gen-361","Target",19.1188594228588,31.5894879202824,22.5331807823386,32.2048124819994,30.1835203685332,23.6801963855978
"Gen-362","Target",24.6514985915273,27.7661215460394,20.5097722774372,22.7307698591612,31.5657944025006,28.9586781291291
"Gen-363","Target",27.0721098922659,29.5233228390571,26.495821724413,34.6272139933426,32.5112741203047,26.7213804195635
"Gen-364","Target",28.1897965674289,31.3598772373516,34.3910353668034,34.0430991519243,24.1836392006371,18.8304232731462
"Gen-365","Target",27.9058632315136,26.0818528626114,28.3534495464992,33.4691464852076,21.6256856827531,25.9732802673243
"Gen-366","Target",31.5701492419466,27.5046110483818,29.6375630083494,29.423396857921,18.7207045406103,23.7924465502147
"Gen-367","Target",32.9907930153422,18.6694326053839,34.2802219407167,25.558717149077,24.6332932182122,32.1065016873181
"Gen-368","Target",33.6023464733735,32.836381603498,24.3796198396012,28.0256355793681,25.0282652447931,34.2198208014015
"Gen-369","Target",28.1256423576269,26.8224110410083,31.1522044437006,25.8881938396953,26.004274281906,31.6447077407502
"Gen-370","Target",29.5473565692082,34.1635684298817,29.6202735006809,31.6941870904993,26.3033896002453,23.0661328218412
"Gen-371","Target",23.4089119019918,29.6408945706207,19.1499977307394,22.4636097534094,19.3482219711877,25.0473588244058
"Gen-372","Target",24.5949474808294,34.0668936849106,22.974243179895,32.0820098957047,26.3366352196317,28.8066486075986
"Gen-373","Target",22.9876637628768,23.2232245148625,32.3444725470617,27.5189310153946,20.3548025765922,27.4564226991497
"Gen-374","Target",26.4287100858055,20.213648312958,30.1342764280271,27.5033648142125,28.5038808737881,32.7388434854802
"Gen-375","Target",28.5323521958198,25.8658535045106,26.7964317123406,34.8907828999218,26.0720032013487,29.4648645275738
"Gen-376","Target",19.6882944921963,32.1415630115662,22.1760888874996,24.2112211566418,34.1876245115418,18.5716127878986
"Gen-377","Target",32.8903205285314,28.4781483537517,29.4018948369194,23.5075040240772,25.4297417860944,19.5644685376901
"Gen-378","Target",22.6923233480193,27.2918410578277,29.6474167266861,24.0139230650384,25.6412515426055,23.1472923185211
"Gen-379","Target",25.3870911132544,23.9726513698697,23.8796129901893,19.3823432456702,23.9404506864958,22.0589001516346
"Gen-380","Target",34.3010838108603,20.562782314606,29.7562491963618,26.034068586072,28.2141852302011,19.8199976931792
"Gen-381","Target",27.1017494101543,26.3741439450532,20.5798218550626,18.0502219882328,26.9187094478402,24.209355927771
"Gen-382","Target",33.5775878133718,22.6490148908924,18.5082786888815,19.4297385259997,23.2190955178812,25.8540431880392
"Gen-383","Target",20.7365505211055,25.2777421523351,19.093557942193,32.2621382563375,27.87872587936,27.147295891773
"Gen-384","Target",28.4557560998946,18.2242191324476,19.568915795302,20.2509248035494,33.0264206002466,29.4553957364988
"Gen-385","Target",24.0629534886684,33.2588298092596,18.5550717569422,18.1150662489235,29.932716781972,23.4933750205673
"Gen-386","Target",28.6558179138228,29.6591174625792,22.7981434739195,25.8072602606844,32.0511770281009,28.9367863361258
"Gen-387","Target",23.8365138622466,26.5323063652031,33.7556524493266,19.143207503017,24.4045085713733,23.2278963364661
"Gen-388","Target",34.9353152080439,33.3871297782753,24.7185643911362,30.5420147997793,27.2875647316687,31.9195994697511
"Gen-389","Target",26.0298321063165,25.8772498806939,24.3935131884646,23.4314004846383,24.6945176941808,22.144569958793
"Gen-390","Target",34.4024040282238,34.9607429646421,20.7105399470311,23.6436006403528,22.750977186719,30.8125066102948
"Gen-391","Target",23.5489725288935,29.1962719224393,33.279875633074,29.2211825426202,29.5581843929831,29.0618429258466
"Gen-392","Target",25.4162806957029,25.840718482621,31.3786390116438,34.5355497901328,19.5097458374221,20.9083677420858
"Gen-393","Target",20.8299682906363,24.1577356145717,21.2977465598378,33.0751784557942,19.9577842094004,29.4825842909049
"Gen-394","Target",25.9216650878079,21.515475965105,28.5724477353506,20.3552994751371,24.1195700825192,22.0212544356473
"Gen-395","Target",26.364556315355,23.6209327231627,22.9724151415285,28.183342138771,31.7589673404582,26.5189008428715
"Gen-396","Target",22.2044793134555,34.9775527440943,26.1569547243416,24.1666946273763,27.6382304746658,22.0844069954474
"Gen-397","Target",28.6735620037653,29.4789327858016,21.1182541979942,27.2393561762292,22.7684660411905,21.2700527077541
"Gen-398","Target",33.4130657892674,26.7979293346871,20.1808175442275,25.990602837177,27.1251589050516,24.4934800094925
"Gen-399","Target",33.6748188247439,31.1118177764583,24.7055789798032,27.9061346398667,32.4687726290431,33.5076002476271
"Gen-400","Target",21.6836621444672,27.1720083961263,18.6714413953014,27.357201251667,20.059124423191,21.0930132330395
"Gen-401","Target",27.128508761758,24.4256374919787,31.8081390610896,22.2249688352458,32.8741968655959,27.7987838017289
"Gen-402","Target",23.7150297537446,26.6413478830364,29.9523400967009,28.5728131213691,31.5306228643749,33.726741894614
"Gen-403","Target",30.5108206071891,28.9902300804388,19.4271885342896,28.9866118037608,18.3885689901654,18.5543526811525
"Gen-404","Target",20.4849471487105,22.1450356317218,18.8809451167472,21.9728965046816,32.2913333128672,23.3149990427773
"Gen-405","Target",34.6962761266623,33.1708046984859,30.8893053778447,30.0745225800201,32.3031554720365,31.4704655373935
"Gen-406","Target",25.8898891820572,28.6181038212962,26.8607926152181,30.0326219671406,31.3391198418103,28.7674009886105
"Gen-407","Target",24.1968909737188,28.4992493814789,30.9896882132161,19.0577522616368,18.8811526489444,33.9936678300146
"Gen-408","Target",21.3618763599079,22.316103619989,34.8905735746957,19.2963494386058,19.3211949239485,29.7314290034119
"Gen-409","Target",34.0208117922302,31.6088006452192,28.8779578334652,18.1116029920522,31.6016452175099,25.2819723901339
"Gen-410","Target",23.3062302414328,30.6835483384784,32.5488175109494,20.20942399255,26.9854294264223,18.6699013814796
"Gen-411","Target",34.8561053075828,23.2165998395067,25.0252826027572,22.6930975683499,32.7723751068115,19.0567738814279
"Gen-412","Target",23.486476858845,32.3100324419793,20.5631232196465,25.4443371314555,32.9607725362293,23.610752352979
"Gen-413","Target",24.0984607664868,32.0126781351864,26.433111971477,21.505252906587,28.3502499558963,30.1410411417019
"Gen-414","Target",34.6384668045212,19.2769317522179,30.0239457422867,26.6416233445052,25.0828751227818,18.0043578317855
"Gen-415","Target",25.2777762911282,21.5363182108849,33.1196150763426,18.5481023569591,34.2451854180545,28.8760491088033
"Gen-416","Target",22.3721985216253,19.4325614895206,34.6064955615439,34.4443641237449,26.3235439562704,20.6683839997277
"Gen-417","Target",27.1990217997227,28.2635573584121,20.1781974146143,25.001358603593,32.700292697642,33.4646115156356
"Gen-418","Target",23.2956445359159,34.3538789497688,23.9627547573764,18.9704998354428,28.5155991006177,20.4565702634864
"Gen-419","Target",20.3387295459397,18.1963795581833,26.0614983127452,22.0594048476778,32.9364366708323,20.1915140810888
"Gen-420","Target",23.3383948584087,29.5238856363576,22.857396413805,34.2232381717768,33.6321356953122,32.9364141135011
"Gen-421","Target",34.033530928893,23.0698518960271,25.7750497215893,21.9296901512425,24.6718622609042,21.6563262846321
"Gen-422","Target",33.8154901382513,33.127722614212,29.1844969836529,20.9681596118025,21.4275965685956,27.8402171465568
"Gen-423","Target",20.6090267000254,19.4104509588797,26.2152916837949,23.5438436511904,23.3479145548772,25.420417672256
"Gen-424","Target",32.5155713888817,33.4065832539927,33.6058490581345,26.9970641725231,22.84412156092,22.7775446604937
"Gen-425","Target",26.8625700965058,25.0129753244109,29.2204945618287,31.3384807477705,24.3178185981233,24.3051464641467
"Gen-426","Target",32.9880381235853,27.8812610676978,28.3827809919603,20.1825974320527,32.3788160621189,27.8276144301053
"Gen-427","Target",29.5056739102583,29.5396669139154,30.4901777675841,27.84575688513,21.7951365490444,31.7882564656902
"Gen-428","Target",33.8312674101908,19.4048349037766,18.2977770816069,32.7466221391223,34.0739259477705,27.2026212951168
"Gen-429","Target",26.3451962710824,21.7981742445845,24.2407035767101,24.5015506893396,23.7559818187729,18.120273062028
"Gen-430","Target",22.3479396812618,18.0810629264452,28.9885025981348,26.6396237176377,27.855781388469,31.2027166413609
"Gen-431","Target",32.3135431488045,32.3564313286915,20.2726997646969,30.0986815728247,33.943948376691,27.0136446659453
"Gen-432","Target",30.3753371632192,29.8412778789643,32.966818779707,22.9928904932458,30.3098167881835,29.0285067921504
"Gen-433","Target",26.9623383821454,21.8572635201272,23.2914960174821,24.106106482679,26.4955690458883,27.9985860420857
"Gen-434","Target",26.4696343450341,25.9896413621027,25.4979291430209,27.4654418595601,25.3282248263713,34.2696396193933
"Gen-435","Target",32.2091010822915,33.9988698933739,18.2567478648853,34.8218063055538,18.4168822723441,22.9609584554564
"Gen-436","Target",32.392769720871,20.0474962713197,32.6494875752833,22.6382376083639,21.1661335129756,26.0151323892642
"Gen-437","Target",32.6612933557481,27.9823464457877,23.0884596598335,21.2747546466999,28.5174670249689,31.7491576483008
"Gen-438","Target",27.69200709695,18.9346512567718,22.2616682278458,21.0640467104968,32.6205283633899,33.7541090513114
"Gen-439","Target",18.075790733099,26.6321264666039,32.6669181582984,30.6714841125067,22.9271082568448,25.8686895219143
"Gen-440","Target",27.6845627145376,27.1655176002532,29.6725952404086,31.1467359988019,26.7693791668862,28.6623764529359
"Gen-441","Target",18.0553546776064,25.1665102420375,28.4773768091109,34.2947250183206,19.9366930730175,21.2615009776782
"Gen-442","Target",22.8179842755198,18.5560229171533,28.2307829889469,26.8900821877178,32.7524051675573,25.8999214393552
"Gen-443","Target",27.3641978676897,28.4271115823649,23.9150299753528,32.1682477921713,20.6605059814174,34.5245576687157
"Gen-444","Target",22.0709504766855,32.3875135539565,33.2140476685017,28.2401801063679,22.773305129027,20.8949574739672
"Gen-445","Target",22.3725407486781,22.8921886649914,31.8425991071854,20.8247753665783,28.5416016238742,23.787836123025
"Gen-446","Target",32.2838123922702,24.546109512914,24.3029577420093,19.0223461058922,29.6519418009557,29.3262985069305
"Gen-447","Target",28.2491832007654,25.2067437141668,22.4284446313977,32.5846966067329,31.5834437310696,22.7931529839989
"Gen-448","Target",33.955751580419,32.8175275060348,27.0829407796264,29.0829362787772,29.2289763716981,33.8977538438048
"Gen-449","Target",28.7510708938353,27.7747024276759,20.1650764653459,26.5448318626732,32.579479043372,21.8409727888647
"Gen-450","Target",23.315563447075,34.9067072833423,20.693267894676,27.4023551035207,31.0161508284509,33.0989662203938
"Gen-451","Target",20.2280778328422,22.9711048135068,31.1614009754267,32.0313579170033,23.2896685965825,20.7532762261108
"Gen-452","Target",18.2349737111945,27.8580912726466,32.2548042382114,32.807971636299,26.5815153752919,25.4757112720981
"Gen-453","Target",26.1657454061788,29.2173294345848,24.596723125549,34.6778531675227,18.1693661150057,25.3986081131734
"Gen-454","Target",33.107527944725,22.6005545277148,18.4696723527741,18.9885338537861,20.3021228327416,31.9982870209496
"Gen-455","Target",31.823651305167,19.1528779445216,31.3328493351582,29.9906053140294,31.500484270975,22.4004406011663
"Gen-456","Target",33.0169967536349,22.8947464304511,28.6218866449781,23.1679665539414,21.5431804764085,31.2024184919428
"Gen-457","Target",23.3649507467635,23.242560565006,27.757895209128,29.5903595187701,25.111251354916,22.3378885397688
"Gen-458","Target",31.032142650336,23.4393945708871,25.2728513833135,24.4167883447371,24.4606621442363,34.0771781140938
"Gen-459","Target",33.7789646654855,34.8277905450668,19.8496753436048,20.886099139927,31.9120168935042,28.1674269184005
"Gen-460","Target",20.9354518258478,19.5604603702668,30.9577985431533,25.8019930901937,22.0527717138175,26.8883851631545
"Gen-461","Target",31.6447564612608,21.8842659359798,27.0963879374322,33.603882976342,30.0585899241269,20.9682755253743
"Gen-462","Target",26.4711799556389,19.6765763682779,34.4437580641825,21.0562317173462,32.3199021550827,32.4333715199027
"Gen-463","Target",26.678395843599,18.1491177852731,24.5335746703204,34.7034201351926,29.4493878353387,26.7769391264301
"Gen-464","Target",32.6573738937732,24.7467443202622,29.6045562694781,18.1089251372032,28.8921113654505,22.4557392159477
"Gen-465","Target",29.5418102482799,32.8419857684057,31.9168836683966,32.7940718119498,21.8939695425797,21.3770165049937
"Gen-466","Target",21.4835422728211,23.4752393853851,29.6399481720291,22.0442840578035,29.6706072108354,21.4661505625118
"Gen-467","Target",24.8434996446595,19.5333500758279,23.7693354382645,22.2376575339586,22.9220534276683,25.3695542626083
"Gen-468","Target",29.8086976949126,22.8426842484623,32.6776942771394,33.727564336732,34.391504958272,31.229731770698
"Gen-469","Target",31.6173256896436,28.991228959756,20.4766648360528,24.5040029233787,22.2754836452659,22.0236811041832
"Gen-470","Target",33.431385591859,32.0846099061891,24.5446186312474,31.8235907617491,34.8158937634435,23.6743495007977
"Gen-471","Target",29.1434914958663,18.4950186947826,21.0322060578037,22.7028280347586,21.0143910462502,28.7068844938185
"Gen-472","Target",20.015733522363,19.23356520175,23.0361857658718,19.4610403517727,21.0961289233528,20.3888095880393
"Gen-473","Target",30.1636666713748,27.3706999481656,27.3089829988312,32.5489090979099,26.1521026182454,34.1736961253919
"Gen-474","Target",27.7560265881475,23.4648558448534,34.1972109538037,19.4087426180486,28.8505125474185,23.3513891121838
"Gen-475","Target",23.3045542226173,20.1816051667556,21.6307763408404,18.8891634265892,18.1546092822682,24.9035591308493
"Gen-476","Target",26.7042469014414,30.1491092725191,27.1004498957191,33.0684033718426,28.3170796674676,20.8864496473689
"Gen-477","Target",23.0331419431604,32.7114228585269,32.6956752447877,19.005291132722,31.3463072392624,31.0245859720744
"Gen-478","Target",34.5941673249472,18.3867747818585,21.2241361695342,31.9429763616063,23.7663299103733,28.4350097395945
"Gen-479","Target",20.0205862142611,27.7055410603061,20.4229196333326,22.7987913074903,24.5610150482971,18.2560586412437
"Gen-480","Target",21.6801539787557,33.3446552576497,27.4296786258928,34.0053359747399,32.9876127799507,18.0650679974351
"Gen-481","Target",28.9892205537762,20.7135018564295,32.7706655666698,28.7041684233118,31.4221087384503,26.0860185751226
"Gen-482","Target",28.8511892990209,19.2140531933401,32.3910624091513,25.8750483936165,25.5293592119124,25.350230197655
"Gen-483","Target",23.137476388365,26.893971029669,25.5194832766429,34.0809907543007,24.235580754932,32.5348673907574
"Gen-484","Target",20.8888064234052,19.0937520049047,28.4603145450819,28.7761301731225,24.5394010085147,32.0553741997574
"Gen-485","Target",25.2375429931562,31.7307039385196,34.5651108263992,32.0784715532791,26.6584235848859,27.5897824885324
"Gen-486","Target",18.9717439045198,18.1333147538826,28.6116174822673,31.6875906998757,34.6527672500815,27.696871667169
"Gen-487","Target",33.1244517220184,25.2880139392801,31.6745004458353,23.2152028523851,33.0673730848357,24.4603039857466
"Gen-488","Target",29.826013777405,25.6933018185664,32.7613075079862,18.2020075311884,30.4315842783544,19.1529323924333
"Gen-489","Target",22.8780000007246,18.8864494974259,24.8226400306448,24.5176401303615,29.6629935633391,23.0510932328179
"Gen-490","Target",24.2805512310006,21.7784004539717,22.7912768465467,21.9353130103555,21.9863471179269,25.6477838749997
"Gen-491","Target",25.5535307163373,32.4919039472006,25.6900147851557,19.0509612739552,20.0435581349302,24.217363079777
"Gen-492","Target",27.3836541180499,34.9193138550036,22.0642864259426,31.1890725630801,19.7344358912669,19.974175975658
"Gen-493","Target",28.8594635173213,27.4390829510521,32.8469223526772,34.6363386574667,25.0464180621784,23.2494918482844
"Gen-494","Target",23.9617188379634,30.6785310639534,25.4294316119049,19.4947601896711,28.9653695225716,34.8217275231145
"Gen-495","Target",27.0811552198138,20.8420252969954,28.7378680035472,33.9368766909465,18.9447748595849,24.6002715057693
"Gen-496","Target",26.1436374285258,29.9735635688994,22.5870549802203,25.9218222014606,33.1565230698325,33.9977809193078
"Gen-497","Target",34.2468315016013,33.5021227188408,23.6352324523032,28.9849076664541,23.4684306890704,25.1573893064633
"Gen-498","Target",26.593054928584,30.6950802684296,30.6732993028127,31.6375690440182,27.2493029381149,33.1072065571789
"Gen-499","Target",29.3698451993987,26.8112248450052,22.3824347408954,26.1036218628287,29.7189093006309,24.1319950595498
"Gen-500","Target",22.2076847304124,20.3930847782176,19.0997653761879,30.3073953443673,20.0623892911244,22.4913408474531
"Gen-501","Target",30.8901753886603,20.9573126940522,18.7822057644371,32.9170619617216,22.3862629404757,19.5647523745429
"Gen-502","Target",34.3793296318036,26.7048144207802,19.5693144612014,32.9204807807691,18.4812504977454,31.7503702463582
"Gen-503","Target",33.5206027342938,24.0895791547373,33.2486068101134,27.593153727008,24.8361443555914,26.5990547670517
"Gen-504","Target",34.6601698307786,27.6263783564791,24.0779992958996,23.0725435765926,31.3223560042679,32.2441462613642
"Gen-505","Target",20.9350921039004,28.9477734505199,24.8625810965896,24.0440607045311,27.7840740429237,32.9744584201835
"Gen-506","Target",27.8362260346767,18.5491705152672,27.694976356579,34.8890995704569,19.0335220503621,25.2802369124256
"Gen-507","Target",18.6457727553789,34.5371051931288,32.8827199824154,23.1311088008806,22.1536568584852,26.4875149505679
"Gen-508","Target",22.0493838156108,23.1155066282954,18.2921125830617,19.9669538931921,19.4089906457812,34.6386990235187
"Gen-509","Target",25.7038143780082,23.545866520144,20.5775075021666,34.3726377554704,21.7436466005165,32.9525205784012
"Gen-510","Target",21.9942485247739,19.1405919252429,29.8437047731131,33.895243397681,25.6098132724874,30.6191708194092
"Gen-511","Target",29.922004582826,21.5189448148012,30.7671960049774,31.7292038225569,27.1946167277638,27.4159326299559
"Gen-512","Target",33.8116288923193,34.4257616044488,18.3061088866089,25.1627362212166,30.6712344263215,19.9088229143526
"Gen-513","Target",28.6186373799574,30.7817709660158,32.4736376465298,25.8642857521772,22.5645395813044,24.8964289440773
"Gen-514","Target",33.5131588981021,19.685370976571,27.2678433544934,19.6801605101209,19.8300111098215,32.1217172821052
"Gen-515","Target",26.8777221990749,34.6458003278822,32.6889213882387,29.6614313207101,28.0664515919052,27.4188349933829
"Gen-516","Target",25.6033134520985,25.5177847400773,28.3748809229583,20.0329902369995,29.3722597640008,18.955176286865
"Gen-517","Target",22.2962439619005,33.2369787017815,24.7805455569178,18.019928466063,25.8854241049848,27.6286958521232
"Gen-518","Target",25.3088052202947,24.9877475241665,25.6968370222021,27.9653562908061,22.8527043147478,33.1433178917505
"Gen-519","Target",18.1827517161146,28.1008877744898,34.6371355222072,19.8582452414557,24.1906567947008,32.4684935854748
"Gen-520","Target",29.1688500447199,20.8789614287671,28.7524399643298,24.1247267383151,34.9456689953804,27.0044750098605
"Gen-521","Target",23.710790685378,19.9543492174707,26.282185412012,28.7646565898322,33.8994605222251,22.4371404291596
"Gen-522","Target",18.0474529264029,32.111285120016,25.9424817997497,31.0654531235341,25.1662152155768,19.4388818566222
"Gen-523","Target",24.9460094871465,31.9549210444093,28.8271889793687,34.3104315071832,31.1709110694937,21.3404381240252
"Gen-524","Target",23.6498568779789,25.6009644221049,34.2646063026041,22.5836445880122,24.0276597870979,28.373701125849
"Gen-525","Target",32.6567228580825,19.1250513172708,18.9539483392145,32.2984192636795,27.263917428907,19.962737453403
"Gen-526","Target",20.1247280929238,32.6654765671119,19.2916994618718,27.127760680858,33.2217012296896,32.5691246583592
"Gen-527","Target",32.299201103393,32.7512505045161,21.2863994464278,27.0302807867993,25.623609952163,33.969098237576
"Gen-528","Target",25.0621679280885,23.7834228181746,27.2097040081862,34.8420055308379,20.7726346000563,19.743693362223
"Gen-529","Target",33.7484208950773,30.2378618423827,27.6712478252593,26.2931572203524,25.405882747611,31.2678938552272
"Gen-530","Target",24.7488688535523,23.6836788987275,29.8557221824303,28.4263158219401,34.3148105347063,19.241428974783
"Gen-531","Target",21.8920158932451,18.5542888999917,28.6338134014513,21.0668128472753,19.8654674743302,27.2751192674041
"Gen-532","Target",20.5328041082248,30.9630209037568,27.6793109055143,26.9167815737892,21.172510556411,30.7756568684708
"Gen-533","Target",24.1886768080294,27.0451589319855,26.6948526576161,30.0679291698616,18.3849083655514,31.556889845524
"Gen-534","Target",28.2839494154323,22.1099381896202,24.4951312267222,20.7854933673516,32.4184869744349,24.8080385026988
"Gen-535","Target",34.0310980856884,21.5243047280237,34.78570190561,22.9122595442459,33.5371895646676,34.9499911051244
"Gen-536","Target",28.0833257779013,21.6390167647041,23.3183991359547,19.6743236631155,27.4605323488358,22.9006668056827
"Gen-537","Target",24.8275331151672,20.0745415140409,24.72221722221,26.7270295645576,33.6223633440677,27.5329435630701
"Gen-538","Target",26.2124403840862,30.9834945653565,27.2000246252865,25.1196938962676,29.5433689206839,21.6144176130183
"Gen-539","Target",29.9806146209594,24.5746729325037,22.2973714643158,34.4937202571891,30.9785025040619,33.8732640629169
"Gen-540","Target",18.0263160737231,32.0634100006428,18.2242810453754,33.6653254260309,29.3624508595094,19.8141418194864
"Gen-541","Target",19.42715523066,19.02702965145,28.0035375603475,31.3286595374811,23.56303040497,29.0605644409079
"Gen-542","Target",25.4961090288125,32.6491294999141,30.1099120127037,19.8971186676063,27.2460232074372,32.0560586696956
"Gen-543","Target",24.7440885358956,31.8300834931433,21.8793641435914,24.9103449096438,19.7809626252856,24.5587332271971
"Gen-544","Target",19.1800652679522,28.0321252353024,24.8943962906487,32.9701060228981,28.534029022092,29.8257287847809
"Gen-545","Target",20.3813228853978,25.8452561278827,33.8070264169946,26.8212658378761,24.8110285780858,20.0616276299115
"Gen-546","Target",28.0183231527917,33.7053273322526,18.4135873266496,20.800083875889,21.3484718191903,18.7112228025217
"Gen-547","Target",22.6490564274136,22.0645696136635,32.5637285520788,23.0701374586206,23.3387585503515,21.2223097935785
"Gen-548","Target",19.8826214757282,34.9848576344084,31.2283836624119,23.1427516017575,34.5205377575476,23.3575166831724
"Gen-549","Target",33.7108610188589,30.5806935655419,20.4906232722569,27.2975618091878,19.4177805478685,24.3896760356147
"Gen-550","Target",25.9677887030412,28.1086897137575,29.7089134817943,23.0298030583654,22.7080897786655,23.7756994673982
"Gen-551","Target",24.9680325353984,19.6031469551381,22.2516757021658,21.8891978219617,34.4931580338161,32.097214989597
"Gen-552","Target",34.3277769668493,27.8250034714583,19.5445039498154,32.1259655728936,27.2540820525028,22.7433978323825
"Gen-553","Target",18.8574628953356,31.7588173553813,22.0729780003894,31.8842017566785,20.5030554530676,18.5982247707434
"Gen-554","Target",18.2824371028692,20.5167462688405,21.3312976353336,27.0308750907425,23.9888765031938,29.947851076955
"Gen-555","Target",24.5005024997517,25.0954924763646,33.3340921173804,20.3457934302278,24.5825387439691,22.2130518830381
"Gen-556","Target",22.4490263180342,22.2009801564272,33.7649847683497,27.6327130638529,20.3581655346788,32.3237419677898
"Gen-557","Target",26.2502961219288,25.0827126300428,30.3236278991681,18.5458213274833,18.8883857666515,23.7843101932667
"Gen-558","Target",24.6045267747249,19.3600453138351,19.8748289132491,30.7680935326498,22.6731295646168,28.7640720189083
"Gen-559","Target",21.7628219944891,26.8675668402575,27.5198149746284,22.2102367526386,34.8975254006218,30.9291198907886
"Gen-560","Target",32.5509966583923,25.0144097118173,19.0020151662175,34.510494844988,32.9772933768108,25.5329889790155
"Gen-561","Target",30.1132015951443,25.6646261189599,27.011584824184,24.7167982102837,18.5929191154428,29.113804623019
"Gen-562","Target",26.2508945066947,28.1840187162161,18.5762804495171,25.2779302739073,23.5296192609239,21.18737864797
"Gen-563","Target",29.6224191188812,25.2418707036413,33.2080941083841,25.6366518181749,24.2017557180952,24.8899610301014
"Gen-564","Target",22.5262470173184,34.9152323515154,31.276558656944,34.7799951580819,30.5907349463087,21.1789230764844
"Gen-565","Target",31.3668063040823,18.358428255422,19.809659528546,28.6000038289931,33.8396910198499,24.5654260257725
"Gen-566","Target",33.2126002984587,21.9501189752482,20.6430240101181,24.3268068060279,31.4026985527016,22.0644309725612
"Gen-567","Target",34.7720948634669,20.671813644236,23.14328435692,23.5658349671867,33.3784895921126,21.9660505545326
"Gen-568","Target",32.5100936740637,29.2757664117962,24.2355295526795,31.3036421628203,19.9133416912518,22.1592405124102
"Gen-569","Target",33.5730432532728,19.7064565676264,31.3466455319431,20.8161684484221,31.2929745994043,34.6828777764458
"Gen-570","Target",23.3380355995614,33.5650452564005,27.307646404719,28.9885897124186,18.5405278869439,33.4046487500891
"Gen-571","Target",30.4792419464793,19.7601125899237,22.4977453206666,30.8102642239537,25.1793908779509,27.4538650207687
"Gen-572","Target",27.5510328842793,25.5506960367784,33.6160213102121,29.3167331060395,20.2494903923944,24.565197705524
"Gen-573","Target",22.0987823524047,30.8916777845006,33.006315024104,26.6912791947834,26.8523464205209,33.6577513953671
"Gen-574","Target",27.817978721112,26.5128574254923,23.7635565500241,27.5648288198281,18.4157301425003,24.7580772240181
"Gen-575","Target",28.0079315218609,32.6750637139194,34.1318945090752,32.6238380055875,30.4636888387613,25.3534983389545
"Gen-576","Target",19.9275778569281,22.3264241511934,32.5634602745995,18.5382543581072,19.2024985556491,33.8887704845984
"Gen-577","Target",29.4574996361043,34.124727986753,28.9622963187285,33.4569072311278,32.9332704076078,24.2563550793566
"Gen-578","Target",27.7998365748208,19.4712125167716,34.5572734540328,24.3487716303207,29.1113760189619,23.7593494909815
"Gen-579","Target",34.0118006390985,28.2938101673499,32.9904543585144,29.1236038419884,24.1847430611961,27.6133986210916
"Gen-580","Target",28.6602377970703,25.605726916343,26.5305122083519,18.9135222134646,21.2538883276284,26.7050320501439
"Gen-581","Target",30.612450112123,29.285877696937,23.6008060264867,33.7129343617707,23.0107853123918,18.5418350999244
"Gen-582","Target",23.3549628362525,28.1889824927785,24.4800324123353,25.5671832254156,28.0496666417457,24.997476743767
"Gen-583","Target",26.3210352042224,23.0434746455867,31.4867297571618,27.1059363659006,34.0233278232627,28.097242341144
"Gen-584","Target",27.3642351056915,24.207088442985,24.9034096088726,21.3134972767439,20.6487019939814,19.4993158008438
"Gen-585","Target",22.1383225359023,23.0414153658785,24.4855582579039,26.5865815682337,33.975689177867,23.9157601101324
"Gen-586","Target",26.018163498491,34.4595999643207,27.7360074138269,23.6617906680331,25.4731332212687,18.1645197363105
"Gen-587","Target",18.8543497817591,24.3224554893095,28.4405677409377,18.8979981227312,31.2857349191327,27.4283924226183
"Gen-588","Target",26.8814031803049,19.1814216526691,21.1978745041415,30.8919495055452,27.6710460877512,31.5828542362433
"Gen-589","Target",32.1185774789192,23.3840816910379,32.4171302057803,21.8111771112308,29.4231297599617,34.9828604299109
"Gen-590","Target",19.1944369240664,30.9453946549911,33.7157819210552,23.0054948127363,30.9809077512473,26.6039642065298
"Gen-591","Target",32.2387929621618,31.3506662307773,30.1493947322015,28.3917592491489,24.4831679090858,22.072496958077
"Gen-592","Target",31.6698876516894,34.2981739665847,30.179995816201,34.4250686047599,28.8427095196676,18.157150787767
"Gen-593","Target",33.7138128271326,25.44843252399,27.601679475978,23.9120833799243,28.8857599152252,32.6593365874141
"Gen-594","Target",22.8031961775851,21.509440376889,22.3072493944783,29.5734416628256,19.3015883283224,18.9876789748669
"Gen-595","Target",27.8868763905484,32.9996632118709,26.9104888502043,30.3697228457313,33.1018534835894,30.3987290286459
"Gen-596","Target",28.2209524612408,31.1438563154079,26.5862052182201,30.7024133722298,28.3482142824214,27.6696488908492
"Gen-597","Target",19.1574342839886,22.7991651361808,29.4505231748335,19.331208803691,22.1648608502001,28.157872465672
"Gen-598","Target",32.4842150518671,28.2432110216469,28.6549914423376,34.8802052650135,22.4385857132729,29.4215352942701
"Gen-599","Target",32.0776866460219,31.6960932067595,34.339630458504,31.702449438395,29.624520144891,20.0831810114905
"Gen-600","Target",21.1080300114118,20.4422531859018,18.2958368423861,20.5603930265643,24.2298510661349,28.3933099063579
"Gen-601","Target",33.5608495927881,28.9615689150523,34.0583282082807,33.7768419648055,29.2573275370523,18.129892922705
"Gen-602","Target",18.4436755885836,32.315897150198,29.3651350790169,26.7794465129264,32.8545112817083,22.4731803592294
"Gen-603","Target",32.8903212766163,27.5501117543317,18.5425599783193,32.4253909704275,28.7659003145527,18.9841864556074
"Gen-604","Target",21.1326591696125,26.1795912536327,34.5724092056043,25.1508447355591,34.7700458867475,27.8115387752187
"Gen-605","Target",25.9562028357759,20.8530978870112,30.4742353905458,25.8332303036004,33.8570804700721,18.6072270893492
"Gen-606","Target",27.679149778327,23.872310316423,20.2044516624883,31.3111636375543,23.198987503536,20.8800497062039
"Gen-607","Target",32.2410886366852,31.2188768060878,24.2029228175525,28.9464246416464,24.9996605222113,29.3842658570502
"Gen-608","Target",24.0912495688535,26.4008658013772,32.5343947752845,30.8655102669727,29.2035344410688,23.429043577984
"Gen-609","Target",21.0460516400635,32.9821476163343,25.4745392804034,18.9960824218579,31.4575876009185,19.6262430578936
"Gen-610","Target",34.489417613484,24.7931492351927,33.9348505684175,19.8382029042114,28.5340496834833,33.0084636583924
"Gen-611","Target",24.8449356588535,18.624017842114,21.790838512592,24.6249297324102,23.1599259716459,29.8157560180407
"Gen-612","Target",26.2196762764361,32.8195689029526,28.4228453533724,33.3610841629561,30.6430756018963,20.5824764599092
"Gen-613","Target",19.4194288360886,20.2100370025728,20.7488855142146,22.0269023654982,22.7935108693782,25.5669090938754
"Gen-614","Target",34.7815513210371,25.2474822227377,21.2281543114223,33.9439792816993,26.958066200139,21.1267778412439
"Gen-615","Target",24.2013083673082,21.5752951498143,22.7066576196812,33.4634488809388,18.1563379520085,29.9529718721751
"Gen-616","Target",34.8133442664985,18.0439961331431,27.1757805210073,34.204198949039,25.901677942602,19.3131414935924
"Gen-617","Target",28.1344594203401,26.3865667253267,24.48199634091,20.3684063968249,24.1336757687386,21.2722665639594
"Gen-618","Target",32.0219919935334,32.3791730925441,27.3296650792472,21.709750487702,25.241178673692,25.0507396731991
"Gen-619","Target",18.0967877216171,21.3328745902982,31.4546309479047,30.0220042325091,21.8205374695826,26.5228876799811
"Gen-620","Target",27.796507810941,19.7177833798341,25.31907243561,28.5704437822569,31.7640948565677,28.7669188063592
"Gen-621","Target",25.2720820948016,30.9025955961552,31.1641527244356,26.4612912910525,27.979118420044,25.6280735172331
"Gen-622","Target",31.4996145055629,23.1350921548437,21.0216574438382,29.6159952231683,32.740220943233,24.5114619825035
"Gen-623","Target",22.2755062738433,30.6779774217866,20.2682949025184,33.6188309625722,31.5075298014563,21.0219771452248
"Gen-624","Target",33.5716370239388,30.9003190314397,23.294873446459,27.2721950155683,31.4735517278314,27.1081502023153
"Gen-625","Target",27.9817092635203,26.8979914514348,27.8161306744441,22.6854283844586,31.089832219528,28.6695819469169
"Gen-626","Target",34.299950679997,24.9784847691189,24.2111438624561,29.8014027671888,33.7045803556684,33.370570096653
"Gen-627","Target",26.8156311360653,30.153211156372,34.1666761643719,32.9964304245077,30.5626587318256,21.1844274729956
"Gen-628","Target",29.4373999258969,31.8982268357649,27.6761162190232,21.1913327355869,28.7418775681872,34.3390855717007
"Gen-629","Target",19.4200188652612,23.101161083905,26.9263728845399,30.9869543826208,23.1113227519672,18.4332266876008
"Gen-630","Target",26.7125557453837,31.2528134065215,26.8262003599666,30.4666994488798,32.958359665703,18.8167328967247
"Gen-631","Target",21.5504928554874,22.7637791153975,18.3409729776904,19.5265881130472,33.9267176946159,32.1962764181662
"Gen-632","Target",28.0799373928457,33.5426942461636,24.9435908219311,34.9026400330476,32.5829386825208,25.7255939582828
"Gen-633","Target",33.5315913211089,18.1894882321358,26.8125325883739,19.1843797741458,21.973022028571,28.4576822640374
"Gen-634","Target",24.7196063229349,28.7953468265478,27.9464472387917,18.7344615401234,33.5911743247416,33.5579500594176
"Gen-635","Target",25.9419690885115,25.7612161561847,27.1385350581259,22.6381482458673,24.0757061387412,21.8566106637008
"Gen-636","Target",28.0254624788649,26.3169398710597,33.0149021991529,28.9302471047267,22.7345328209922,23.3205454112031
"Gen-637","Target",29.1827752247918,18.3250218571629,27.5060648226645,32.0292271734215,25.8241882217117,31.4445796085056
"Gen-638","Target",23.0417311447673,23.5479159124661,27.2183944149874,20.5458619452547,30.843792342348,29.2909039880615
"Gen-639","Target",26.0419637628365,21.0675515434705,24.7861727224663,34.0045324089006,25.6743373924401,20.2589019727893
"Gen-640","Target",19.7467461461201,23.1860374223907,31.6434607109986,29.2835475115571,30.4268882409669,29.8189084080514
"Gen-641","Target",26.7232014560141,22.7744948649779,23.5779324017931,18.0164991065394,18.0835354696028,33.698396369582
"Gen-642","Target",30.5311337313615,27.5762231061235,25.5145472781733,23.0392040112056,31.3249040287919,26.6456365149934
"Gen-643","Target",31.5824943401385,30.7199603635818,25.1560845237691,19.388610011898,20.2432588059455,32.0072283924092
"Gen-644","Target",19.8531041766983,34.8735783176962,27.486478702398,23.8185139549896,27.8736499969382,20.0324627461378
"Gen-645","Target",18.4059491942171,33.3943778933026,32.2061776220798,24.5029917699285,28.6789932225365,28.4535201177932
"Gen-646","Target",20.7462118510157,24.5001195198856,23.8199201764073,31.7918563291896,29.1336765750311,22.1707719871774
"Gen-647","Target",26.9694773915689,33.1026408409234,19.6227081154939,23.6250545005314,26.5464869074058,20.7343118158169
"Gen-648","Target",19.8659314531833,31.4923116576392,31.9527181403246,32.8001584757585,29.9559690325987,27.672651655972
"Gen-649","Target",20.5751515731681,20.3675063517876,24.2223236463033,27.7474184508901,29.5101833816152,24.1097605011892
"Gen-650","Target",33.5397780926432,34.0398336783983,30.8350187120959,34.7545653036796,28.3833579355851,30.0577245403547
"Gen-651","Target",27.193736892892,34.3861044505611,24.1690893024206,23.9064301422331,26.7563579662237,32.9133684372064
"Gen-652","Target",19.1687852051109,26.4743542815559,18.7536562141031,26.9341451299842,28.3118439640384,21.369361281395
"Gen-653","Target",25.6297654476948,29.2789491526783,26.1897793817334,23.2329145728145,22.2695269384421,24.9298770134337
"Gen-654","Target",24.440981777152,19.5737609271891,29.897426009411,31.8230360192247,21.6010545850731,31.6608991350513
"Gen-655","Target",18.1541281291284,21.4593535743188,34.8929834607989,25.9661790500395,29.3965738518164,22.9114509040955
"Gen-656","Target",34.3867234096397,24.8854584221262,28.2958367094398,33.3242601132952,32.8533017828595,18.6420186280739
"Gen-657","Target",24.1507992174011,22.8087120407727,22.1648194522131,19.8996780756861,20.3651027393062,29.1985453087837
"Gen-658","Target",23.2933413647115,34.33711961261,22.5931634255685,34.7848095234949,33.779830057174,33.0141978000756
"Gen-659","Target",33.5255403872579,30.3869987414218,21.0551682573278,30.8248346450273,23.6521082215477,34.0194828412496
"Gen-660","Target",18.5283627368044,33.1233225928154,26.4512929746415,21.8697748316918,23.6007591187954,31.690646432573
"Gen-661","Target",20.8331164573319,28.5611579513643,28.5458442308009,31.712222921662,19.7373802582733,22.4440057226457
"Gen-662","Target",27.2224216803443,23.2761636145879,29.8364587638061,32.9001657092012,30.2515202609356,29.6073368652724
"Gen-663","Target",21.1702273578849,20.4976572054438,27.1583864120767,24.7440654085949,26.136991612846,24.9686352740973
"Gen-664","Target",29.9577352332417,31.2208249932155,25.1720798129681,24.1269050347619,33.3818536782637,30.0657542259432
"Gen-665","Target",34.2105585609097,33.6370901782066,23.3932321898174,24.5551999155432,19.4445856236853,28.2216545289848
"Gen-666","Target",23.9774725353345,32.6704228171147,23.2861240874045,26.807049739873,19.3396143564023,22.2787758519407
"Gen-667","Target",24.3362312701065,28.6557123230305,23.9883535958361,30.8081909008324,18.5531425173394,21.6114139691927
"Gen-668","Target",33.3143947897479,32.5050974290352,24.6436803566758,18.1807110237423,29.1233128963504,20.9258463885635
"Gen-669","Target",19.5625556688756,33.7388143178541,32.0631496196147,23.699284780072,20.6305037967395,24.4624381808098
"Gen-670","Target",21.7297362356912,20.223686558893,23.3063073337544,29.9109569131397,20.0189761496149,18.3213739341591
"Gen-671","Target",25.6857500602491,22.3218646373134,33.2842483394779,34.6231529968791,24.6308251833543,28.0648932955228
"Gen-672","Target",28.5756482006982,18.7563246248756,30.0473632919602,19.9628596287221,24.7315747980028,31.7694075296167
"Gen-673","Target",29.3770624885801,26.9030895191245,30.5292009769473,23.3787622931413,32.7060950654559,28.3964029324707
"Gen-674","Target",28.6309541419614,31.6838097325526,27.2105854896363,29.7175504500046,34.610334360972,22.0330126988702
"Gen-675","Target",24.359909232473,23.7404760580976,18.7119112107903,24.5415909418371,25.8715573388617,32.5351682871114
"Gen-676","Target",19.7907631425187,23.1299122371711,21.6017031746451,24.1380751845427,30.300074870931,27.7712723161094
"Gen-677","Target",27.7122423450928,24.1093499015551,24.8309925128706,30.1976898675784,27.1242689690553,33.713528404478
"Gen-678","Target",26.9803602213506,27.4572191601619,34.5741122583859,34.2782206276897,33.9250474981964,31.3394058754202
"Gen-679","Target",32.4847668178845,31.9360511263367,21.3397635810543,18.2153004647698,26.6471737620886,21.1698188520968
"Gen-680","Target",19.2874506406952,33.2190530449152,26.6714743883349,28.6878139108885,33.3740119321737,21.8423858934548
"Gen-681","Target",24.092873550253,32.6045342220459,21.831533921184,19.3543639774434,25.8023576410487,28.923459220212
"Gen-682","Target",33.2777352435514,21.5709331145044,22.7294107314665,23.5067787261214,20.8190881602932,26.8097217208706
"Gen-683","Target",30.104496258311,31.3848514447454,34.6039255219512,29.0600931514055,24.429422393674,23.7508905511349
"Gen-684","Target",34.3912041806616,31.4351595814805,32.7978041933384,31.6025951546617,19.6227663117461,31.4223693727981
"Gen-685","Target",26.6352298471611,18.8079843292944,31.5899592770729,28.4084559648763,19.6937131201848,24.1369835110381
"Gen-686","Target",26.4037655445281,27.4561403980479,27.7974466416053,22.9796210313216,31.0761309622321,28.0927097068634
"Gen-687","Target",23.8267408895772,26.168169664219,28.8785445773974,27.5329111737665,28.2762344994117,27.8590210312977
"Gen-688","Target",19.1527386622038,25.8293170796242,25.7855382512789,31.9359533726238,23.2282611564733,20.0128043307923
"Gen-689","Target",34.807738898322,30.3976969921496,33.6489543172065,25.28334668139,18.9295258938801,21.013234352693
"Gen-690","Target",21.2694436835591,25.2834205676336,18.2158424938098,23.2916154181585,24.4133188854903,24.4348424386699
"Gen-691","Target",29.7549644100945,26.731321121566,29.6071648532525,18.6079254562501,24.4619748115074,21.3905408303253
"Gen-692","Target",29.0224306292366,25.4196570045315,27.0450653184671,23.5549391903915,22.3517229561694,23.2926910652313
"Gen-693","Target",20.1618376933038,25.5868085746188,22.1728246568237,29.2221549144015,31.4440016159788,31.4462467096746
"Gen-694","Target",21.6611866513267,32.185406887671,25.1781199846882,34.13471858087,20.2720103787724,18.1708826255053
"Gen-695","Target",22.1551364397164,32.4833262478933,22.5342308164109,25.0506014793646,33.7955787554383,28.3286856538616
"Gen-696","Target",32.5955550346989,30.1968109193258,29.6296587279066,25.5774500290863,20.128997587366,26.2038255813532
"Gen-697","Target",32.3449009384494,19.7913836333901,24.319328894373,25.2429007927421,21.0985754379071,34.8213127120398
"Gen-698","Target",27.1432195417583,25.7057871608995,26.4478345823009,25.4489192620385,25.4135360990185,32.2690684907138
"Gen-699","Target",22.9186128745787,26.8468754424248,26.0025620858651,22.3584433468059,21.4199510582257,25.8833868759684
"Gen-700","Target",26.3199719619006,23.2494923390914,19.7831719811074,29.5267575618345,30.9327379972674,20.4184155410621
"Control-1","Selected Control",20.5053053153679,18.626054613851,21.4114911854267,20.662654700689,21.6512403236702,20.3449543649331
"Control-2","Selected Control",19.3872357197106,19.0208410546184,21.5765426522121,20.3374857529998,19.4808287732303,20.1497722528875
"Control-3","Selected Control",19.4436070602387,21.330584875308,20.0102494480088,18.7754777148366,21.118199525401,18.364774771966
